{"run_info": {"epoch": 18, "best_score": 1.9524424641901772}, "metrics": {"srcc": 0.9781209781209783, "plcc": 0.9743214860691989}, "preds": [0.4341362416744232, 0.26427099108695984, 0.6351194381713867, 0.28556016087532043, 0.7640494108200073, 0.2788219153881073, 0.34266528487205505, 0.6977918148040771, 0.2991797924041748, 0.48993635177612305, 0.19239313900470734, 0.23192939162254333, 0.4702947437763214, 0.424812376499176, 0.28191283345222473, 0.7587719559669495, 0.7732591032981873, 0.4128399193286896, 0.81943279504776, 0.29216936230659485, 0.6811038255691528, 0.6406566500663757, 0.8711312413215637, 0.7292405366897583, 0.12680457532405853, 0.4304529130458832, 0.2526084780693054, 0.8296031951904297, 0.7576037049293518, 0.7824735045433044, 0.12821213901042938, 0.656213104724884, 0.8092531561851501, 0.6114792823791504, 0.54225093126297, 0.6985116600990295], "targets": [0.4566666781902313, 0.19361111521720886, 0.6427778005599976, 0.22083333134651184, 0.7205555438995361, 0.27166667580604553, 0.29555556178092957, 0.7130555510520935, 0.3222222328186035, 0.551111102104187, 0.3199999928474426, 0.16527777910232544, 0.4188888967037201, 0.4025000035762787, 0.26527777314186096, 0.820555567741394, 0.7975000143051147, 0.40611112117767334, 0.8174999952316284, 0.3847222328186035, 0.5980555415153503, 0.6122221946716309, 0.9113888740539551, 0.7602777481079102, 0.14472222328186035, 0.4483333230018616, 0.261944442987442, 0.8486111164093018, 0.7733333110809326, 0.8033333420753479, 0.17638888955116272, 0.5938888788223267, 0.8933333158493042, 0.49666666984558105, 0.4891666769981384, 0.7691666483879089], "keys": ["LiZhaoJi_Building+tensorf+baseline+path1", "office_view2+mipnerf+baseline+path2", "Architecture+nerfacto+clip_2.5+path2", "LiZhaoJi_Building+nerf+baseline+path2", "apartment+nerfacto+baseline+path1", "Sqaure1+tensorf+baseline+path2", "Architecture+tensorf+baseline+path1", "office1b+instant-ngp+baseline+path1", "Center_Garden+mipnerf+baseline+path2", "office1b+tensorf+baseline+path2", "Architecture+nerf+baseline+path2", "Sqaure1+instant-ngp+baseline+path2", "apartment+mipnerf+baseline+path1", "apartment+nerf+baseline+path2", "Architecture+tensorf+clip_1.5+path2", "office1b+instant-ngp+baseline+path2", "riverview+nerfacto+baseline+path1", "riverview+tensorf+baseline+path1", "apartment+instant-ngp+baseline+path1", "riverview+nerf+baseline+path2", "LiZhaoJi_Building+instant-ngp+baseline+path2", "raf_furnishedroom+tensorf+baseline+path2", "apartment+instant-ngp+baseline+path2", "riverview+nerfacto+clip_0.7+path1", "LiZhaoJi_Building+instant-ngp+clip_0.4+path1", "Architecture+instant-ngp+baseline+path2", "Sqaure1+nerf+baseline+path2", "raf_furnishedroom+nerfacto+baseline+path1", "office1b+nerfacto+gamma_0.6+path1", "LiZhaoJi_Building+nerfacto+gamma_0.6+path1", "office1b+nerf+baseline+path2", "riverview+nerfacto+gamma_0.6+path1", "LiZhaoJi_Building+nerfacto+baseline+path1", "office_view2+tensorf+baseline+path2", "riverview+tensorf+clip_2.5+path1", "riverview+instant-ngp+baseline+path1"]}