{"run_info": {"epoch": 43, "best_score": 1.9480870201936087}, "metrics": {"srcc": 0.9737451737451738, "plcc": 0.974341846448435}, "preds": [0.436676561832428, 0.3013283312320709, 0.5474735498428345, 0.280872106552124, 0.6373839974403381, 0.32316604256629944, 0.41556793451309204, 0.6118729710578918, 0.3770380914211273, 0.48547038435935974, 0.26828426122665405, 0.2648714780807495, 0.40737637877464294, 0.3824453353881836, 0.31023895740509033, 0.6431547403335571, 0.6606071591377258, 0.38486453890800476, 0.7243638038635254, 0.28789258003234863, 0.6162236332893372, 0.5539647340774536, 0.8150810599327087, 0.6228249669075012, 0.19403076171875, 0.45051154494285583, 0.2992146909236908, 0.699940025806427, 0.6837865114212036, 0.7158384919166565, 0.21416927874088287, 0.5534042716026306, 0.8017589449882507, 0.4678056836128235, 0.5159231424331665, 0.6247633695602417], "targets": [0.4566666781902313, 0.19361111521720886, 0.6427778005599976, 0.22083333134651184, 0.7205555438995361, 0.27166667580604553, 0.29555556178092957, 0.7130555510520935, 0.3222222328186035, 0.551111102104187, 0.3199999928474426, 0.16527777910232544, 0.4188888967037201, 0.4025000035762787, 0.26527777314186096, 0.820555567741394, 0.7975000143051147, 0.40611112117767334, 0.8174999952316284, 0.3847222328186035, 0.5980555415153503, 0.6122221946716309, 0.9113888740539551, 0.7602777481079102, 0.14472222328186035, 0.4483333230018616, 0.261944442987442, 0.8486111164093018, 0.7733333110809326, 0.8033333420753479, 0.17638888955116272, 0.5938888788223267, 0.8933333158493042, 0.49666666984558105, 0.4891666769981384, 0.7691666483879089], "keys": ["LiZhaoJi_Building+tensorf+baseline+path1", "office_view2+mipnerf+baseline+path2", "Architecture+nerfacto+clip_2.5+path2", "LiZhaoJi_Building+nerf+baseline+path2", "apartment+nerfacto+baseline+path1", "Sqaure1+tensorf+baseline+path2", "Architecture+tensorf+baseline+path1", "office1b+instant-ngp+baseline+path1", "Center_Garden+mipnerf+baseline+path2", "office1b+tensorf+baseline+path2", "Architecture+nerf+baseline+path2", "Sqaure1+instant-ngp+baseline+path2", "apartment+mipnerf+baseline+path1", "apartment+nerf+baseline+path2", "Architecture+tensorf+clip_1.5+path2", "office1b+instant-ngp+baseline+path2", "riverview+nerfacto+baseline+path1", "riverview+tensorf+baseline+path1", "apartment+instant-ngp+baseline+path1", "riverview+nerf+baseline+path2", "LiZhaoJi_Building+instant-ngp+baseline+path2", "raf_furnishedroom+tensorf+baseline+path2", "apartment+instant-ngp+baseline+path2", "riverview+nerfacto+clip_0.7+path1", "LiZhaoJi_Building+instant-ngp+clip_0.4+path1", "Architecture+instant-ngp+baseline+path2", "Sqaure1+nerf+baseline+path2", "raf_furnishedroom+nerfacto+baseline+path1", "office1b+nerfacto+gamma_0.6+path1", "LiZhaoJi_Building+nerfacto+gamma_0.6+path1", "office1b+nerf+baseline+path2", "riverview+nerfacto+gamma_0.6+path1", "LiZhaoJi_Building+nerfacto+baseline+path1", "office_view2+tensorf+baseline+path2", "riverview+tensorf+clip_2.5+path1", "riverview+instant-ngp+baseline+path1"]}